Tstamp,Str,Thr,RrLH,FrLH,Fr,FrRH,RrRH
1761113104.06,      0.00,     38.00,    246.00,    643.00,    974.00,    553.00,    668.00
1761113104.13,      1.00,     39.00,    247.00,    455.00,   1207.00,    679.00,    591.00
1761113104.20,      2.00,     38.00,    247.00,    781.00,    954.00,    405.00,    616.00
1761113104.28,      8.00,     39.00,    247.00,   2000.00,    992.00,    697.00,    558.00
1761113104.35,      4.00,     39.00,    247.00,   1046.00,   1207.00,    555.00,    638.00
1761113104.45,      5.00,     39.00,    247.00,   2000.00,    645.00,    645.00,    613.00
1761113104.51,      0.00,      0.00,    247.00,   1079.00,    844.00,    652.00,    616.00
1761113104.59,      0.00,      0.00,    247.00,   2000.00,   1131.00,    786.00,    620.00
1761113104.66,      0.00,      0.00,    247.00,   1240.00,   1208.00,    778.00,    620.00
1761113104.73,      0.00,      0.00,    247.00,   1047.00,   1000.00,    756.00,    620.00
1761113104.80,      0.00,      0.00,    247.00,    644.00,   1207.00,    770.00,    598.00
1761113104.87,      0.00,      0.00,    247.00,    589.00,   1208.00,    677.00,    625.00
1761113104.94,      0.00,      0.00,    247.00,   1089.00,   1019.00,    752.00,    621.00
1761113105.01,      0.00,      0.00,    247.00,    433.00,   1208.00,    766.00,    589.00
1761113105.08,      0.00,      0.00,    247.00,   1299.00,   1207.00,    360.00,    635.00
1761113105.16,      0.00,      0.00,    247.00,   2008.00,   1207.00,    680.00,    626.00
1761113105.23,      0.00,      0.00,    247.00,   1492.00,   1207.00,    666.00,    637.00
1761113105.31,      0.00,      0.00,    247.00,   2000.00,   1208.00,    677.00,    658.00
1761113105.38,      0.00,      0.00,    247.00,   1128.00,    907.00,    564.00,    639.00
1761113105.44,      0.00,      0.00,    247.00,    481.00,   1075.00,    307.00,    649.00
1761113105.51,      0.00,      0.00,    247.00,    429.00,   1207.00,    437.00,    658.00
1761113105.57,      0.00,      0.00,    247.00,    446.00,   1207.00,    654.00,    711.00
1761113105.64,      0.00,      0.00,    247.00,   1065.00,   1162.00,    281.00,    745.00
1761113105.71,      0.00,      0.00,    247.00,    398.00,   1207.00,    320.00,    732.00
1761113105.77,      0.00,      0.00,    248.00,   1061.00,    954.00,    180.00,    732.00
1761113105.84,      0.00,      0.00,    247.00,    743.00,   1208.00,    319.00,    719.00
1761113105.90,      0.00,      0.00,    247.00,    412.00,   1166.00,    362.00,    519.00
1761113105.97,      0.00,      0.00,    247.00,    418.00,   1211.00,    371.00,    501.00
1761113106.04,      0.00,      0.00,    247.00,   1116.00,    996.00,    383.00,    746.00
1761113106.10,      0.00,      0.00,    247.00,    450.00,   1207.00,    351.00,    699.00
1761113106.17,      0.00,      0.00,    247.00,    991.00,   1210.00,    415.00,    667.00
1761113106.25,      0.00,      0.00,    247.00,   2000.00,    944.00,    359.00,    614.00
1761113106.32,      0.00,      0.00,    247.00,   1860.00,   1207.00,    320.00,    514.00
1761113106.40,      0.00,      0.00,    247.00,   1988.00,   1207.00,    441.00,    488.00
1761113106.46,      0.00,      0.00,    247.00,    432.00,   1206.00,    417.00,    429.00
1761113106.53,      0.00,      0.00,    247.00,   1209.00,    748.00,    459.00,    395.00
1761113106.59,      0.00,      0.00,    247.00,   1115.00,    901.00,    214.00,    374.00
1761113106.66,      0.00,      0.00,    247.00,    422.00,   1210.00,    173.00,    385.00
1761113106.72,      0.00,      0.00,    247.00,    432.00,   1202.00,    211.00,    529.00
1761113106.79,      0.00,      0.00,    248.00,    535.00,   1207.00,    183.00,    442.00
1761113106.86,      0.00,      0.00,    241.00,   1007.00,   1207.00,    351.00,    554.00
1761113106.92,      0.00,      0.00,    247.00,    452.00,   1207.00,    266.00,    430.00
1761113106.99,      0.00,      0.00,    247.00,   1140.00,   1049.00,    350.00,    418.00
1761113107.05,      0.00,      0.00,    248.00,   1102.00,   1067.00,    314.00,    330.00
1761113107.12,      0.00,      0.00,    247.00,    491.00,   1207.00,    312.00,    438.00
1761113107.19,      0.00,      0.00,    247.00,    545.00,   1206.00,    343.00,    803.00
1761113107.27,      0.00,      0.00,    245.00,   2000.00,   1207.00,    360.00,    774.00
1761113107.34,      0.00,      0.00,    247.00,   1178.00,   1199.00,    307.00,   1005.00
1761113107.41,      0.00,      0.00,    247.00,    487.00,   1210.00,    371.00,   1008.00
1761113107.48,      0.00,      0.00,    247.00,    785.00,   1207.00,    214.00,    966.00
1761113107.55,      0.00,      0.00,    248.00,    426.00,   1206.00,    351.00,   1138.00
1761113107.62,      0.00,      0.00,    247.00,   1082.00,   1027.00,    237.00,   1031.00
1761113107.68,      0.00,      0.00,    247.00,    595.00,   1210.00,    394.00,    524.00
1761113107.75,      0.00,      0.00,    247.00,   1076.00,   1098.00,    403.00,   1100.00
1761113107.82,      0.00,      0.00,    247.00,   1177.00,   1207.00,    431.00,    792.00
1761113107.89,      0.00,      0.00,    247.00,    444.00,    627.00,    338.00,    958.00
1761113107.96,      0.00,      0.00,    247.00,    528.00,   1098.00,    373.00,    808.00
1761113108.02,      0.00,      0.00,    248.00,    496.00,   1210.00,    460.00,    425.00
1761113108.09,      0.00,      0.00,    247.00,   1339.00,    555.00,    482.00,    541.00
1761113108.15,      0.00,      0.00,    247.00,    426.00,    370.00,    484.00,    697.00
1761113108.22,      0.00,      0.00,    247.00,   1083.00,   1071.00,    249.00,    563.00
1761113108.29,      0.00,      0.00,    247.00,   2000.00,   1211.00,    483.00,    920.00
1761113108.37,      0.00,      0.00,    247.00,   1186.00,   1206.00,    482.00,    883.00
1761113108.44,      0.00,      0.00,    247.00,    962.00,   1207.00,    484.00,    774.00
1761113108.50,      0.00,      0.00,    247.00,    456.00,   1207.00,    494.00,    852.00
1761113108.57,      0.00,      0.00,    247.00,    427.00,   1207.00,    484.00,    766.00
1761113108.63,      0.00,      0.00,    247.00,    594.00,   1211.00,    449.00,    580.00
1761113108.70,      0.00,      0.00,    248.00,   1066.00,   1208.00,    423.00,    857.00
1761113108.77,      0.00,      0.00,    247.00,    501.00,   1211.00,    410.00,    852.00
1761113108.83,      0.00,      0.00,    247.00,    538.00,    434.00,    430.00,    868.00
1761113108.90,      0.00,      0.00,    247.00,    430.00,    426.00,    412.00,    863.00
1761113108.96,      0.00,      0.00,    247.00,    835.00,    685.00,    385.00,    839.00
1761113109.03,      0.00,      0.00,    247.00,    444.00,   1208.00,    376.00,    527.00
1761113109.09,      0.00,      0.00,    247.00,   1403.00,    813.00,    228.00,    557.00
1761113109.16,      0.00,      0.00,    248.00,    731.00,   1207.00,    346.00,    555.00
1761113109.22,      0.00,      0.00,     65.00,    367.00,    868.00,    326.00,    791.00
1761113109.30,      0.00,      0.00,     80.00,   2000.00,   1208.00,    353.00,    555.00
1761113109.36,      0.00,      0.00,     59.00,    692.00,    960.00,    357.00,    723.00
1761113109.43,      0.00,      0.00,     85.00,   2000.00,    975.00,    348.00,    480.00
1761113109.51,      0.00,      0.00,     38.00,   2000.00,   1207.00,    283.00,    785.00
1761113109.58,      0.00,      0.00,     44.00,    693.00,   1206.00,    355.00,    424.00
1761113109.65,      0.00,      0.00,     62.00,   1215.00,   1207.00,    464.00,    610.00
1761113109.72,      0.00,      0.00,     53.00,    448.00,   1207.00,    500.00,    557.00
1761113109.80,      0.00,      0.00,     41.00,   2000.00,    989.00,    371.00,    875.00
1761113109.87,      0.00,      0.00,     41.00,    998.00,   1097.00,    353.00,    824.00
1761113109.94,      0.00,      0.00,     38.00,   1527.00,   1207.00,    371.00,    472.00
1761113110.01,      0.00,      0.00,    244.00,   1218.00,   1121.00,    857.00,    487.00
1761113110.07,      0.00,      0.00,     55.00,    478.00,   1207.00,    327.00,    718.00
1761113110.14,      0.00,      0.00,     38.00,    860.00,   1179.00,    357.00,    566.00
1761113110.22,      0.00,      0.00,     38.00,   1791.00,   1207.00,    837.00,    906.00
1761113110.29,      0.00,      0.00,     47.00,    587.00,   1081.00,    419.00,    918.00
1761113110.37,      0.00,      0.00,     47.00,    941.00,    351.00,    362.00,    727.00
1761113110.45,      0.00,      0.00,     65.00,    955.00,   1207.00,    162.00,   2000.00
1761113110.51,      0.00,      0.00,     65.00,    595.00,    889.00,    362.00,    488.00
1761113110.58,      0.00,      0.00,     50.00,    761.00,   1210.00,    408.00,    488.00
1761113110.64,      0.00,      0.00,     61.00,    676.00,   1210.00,    425.00,    485.00
1761113110.71,      0.00,      0.00,     73.00,    675.00,    764.00,    496.00,    912.00
1761113110.78,      0.00,      0.00,     53.00,    602.00,   1210.00,    366.00,    725.00
1761113110.85,      0.00,      0.00,     44.00,   1062.00,   1205.00,    443.00,    394.00
1761113110.92,      0.00,      0.00,     53.00,   1097.00,    987.00,    453.00,    882.00
1761113110.99,      0.00,      0.00,     70.00,   2000.00,   1049.00,    429.00,    555.00
1761113111.05,      0.00,      0.00,     82.00,    419.00,    351.00,    415.00,    555.00
1761113111.12,      0.00,      0.00,     86.00,    520.00,   1205.00,    422.00,    551.00
1761113111.19,      0.00,      0.00,     64.00,    607.00,   1205.00,    402.00,   2000.00
1761113111.27,      0.00,      0.00,     89.00,    587.00,   1206.00,    365.00,   2000.00
1761113111.34,      0.00,      0.00,    106.00,    596.00,   1205.00,    366.00,   2000.00
1761113111.43,      0.00,      0.00,   1138.00,   2000.00,   1203.00,    347.00,   2000.00
1761113111.51,      0.00,      0.00,    950.00,   2000.00,    584.00,    366.00,    823.00
1761113111.59,      0.00,      0.00,   1645.00,   1291.00,    603.00,    410.00,    868.00
1761113111.66,      0.00,      0.00,     74.00,   2000.00,    676.00,    301.00,    904.00
1761113111.73,      0.00,      0.00,    953.00,   2000.00,    446.00,    406.00,    847.00
1761113111.80,      0.00,      0.00,    951.00,    778.00,    358.00,    408.00,    706.00
1761113111.87,      0.00,      0.00,    287.00,   1666.00,    377.00,    403.00,    500.00
1761113111.94,      0.00,      0.00,    262.00,   1515.00,   1024.00,    358.00,    555.00
1761113112.01,      0.00,      0.00,    256.00,   1724.00,   1074.00,    403.00,    831.00
1761113112.09,      0.00,      0.00,    292.00,   1059.00,   1172.00,   2000.00,    462.00
1761113112.15,      0.00,      0.00,    273.00,   1061.00,   1160.00,    317.00,    619.00
1761113112.22,      0.00,      0.00,    287.00,    413.00,   1149.00,    350.00,    409.00
1761113112.28,      0.00,      0.00,    287.00,    821.00,   1127.00,    285.00,    353.00
1761113112.36,      0.00,      0.00,    313.00,   1871.00,    880.00,    278.00,    699.00
1761113112.44,      0.00,      0.00,    885.00,   1520.00,   1079.00,   1049.00,    384.00
1761113112.51,      0.00,      0.00,    894.00,    606.00,    999.00,    930.00,   1135.00
1761113112.59,      0.00,      0.00,   1044.00,    589.00,   1240.00,    903.00,    697.00
1761113112.66,      0.00,      0.00,   1062.00,    508.00,   1397.00,    854.00,    657.00
1761113112.74,      0.00,      0.00,    863.00,    755.00,    796.00,    799.00,    787.00
1761113112.81,      0.00,      0.00,    606.00,    521.00,   1466.00,    736.00,    726.00
1761113112.88,      0.00,      0.00,    653.00,    562.00,   1348.00,    713.00,    671.00
1761113112.96,      0.00,      0.00,    487.00,    511.00,   1577.00,    680.00,    627.00
1761113113.03,      0.00,      0.00,    546.00,    552.00,   1492.00,    643.00,    598.00
1761113113.10,      0.00,      0.00,    395.00,    409.00,   2001.00,    706.00,    557.00
1761113113.17,      0.00,      0.00,    486.00,    438.00,    647.00,    593.00,    553.00
1761113113.24,      0.00,      0.00,    554.00,    442.00,   2000.00,    592.00,    546.00
1761113113.31,      0.00,      0.00,   1214.00,    489.00,    952.00,    574.00,    541.00
1761113113.38,      0.00,      0.00,   1121.00,    555.00,   2000.00,    565.00,    550.00
1761113113.44,      0.00,      0.00,    103.00,    484.00,    482.00,    560.00,    536.00
1761113113.51,      0.00,      0.00,    591.00,    655.00,   1048.00,    573.00,    548.00
1761113113.59,      0.00,      0.00,   1207.00,    454.00,   1300.00,    576.00,    553.00
1761113113.66,      0.00,      0.00,   1071.00,    425.00,   1183.00,    424.00,    561.00
1761113113.72,      0.00,      0.00,     93.00,    423.00,    436.00,    588.00,    566.00
1761113113.79,      0.00,      0.00,     76.00,    711.00,   1599.00,    571.00,    574.00
1761113113.86,      0.00,      0.00,     85.00,    418.00,   1715.00,    432.00,    586.00
1761113113.93,      0.00,      0.00,     41.00,    409.00,   1709.00,    740.00,    588.00
1761113114.00,      0.00,      0.00,     58.00,    400.00,   1651.00,    996.00,    601.00
1761113114.06,      0.00,      0.00,     44.00,    384.00,    859.00,   1067.00,    604.00
1761113114.13,      0.00,      0.00,     70.00,    381.00,    899.00,   1249.00,    600.00
1761113114.20,      0.00,      0.00,    103.00,    382.00,    528.00,   1369.00,    600.00
1761113114.28,      0.00,      0.00,    152.00,    377.00,   1959.00,   2000.00,    600.00
1761113114.34,      0.00,      0.00,    349.00,    402.00,   1118.00,    437.00,    600.00
1761113114.41,      0.00,      0.00,    349.00,    402.00,   1710.00,    540.00,    600.00
1761113114.48,      0.00,      0.00,    349.00,    377.00,    627.00,    544.00,    600.00
1761113114.56,      0.00,      0.00,    349.00,    381.00,   1710.00,   1175.00,    601.00
1761113114.62,      0.00,      0.00,    349.00,    402.00,    784.00,    878.00,    600.00
1761113114.69,      0.00,      0.00,    350.00,    377.00,   1718.00,    348.00,    600.00
1761113114.76,      0.00,      0.00,    350.00,    402.00,    523.00,   1285.00,    600.00
1761113114.83,      0.00,      0.00,    346.00,    382.00,   1718.00,   1085.00,    484.00
1761113114.91,      0.00,      0.00,    349.00,    402.00,   1701.00,   2000.00,    605.00
1761113114.97,      0.00,      0.00,    359.00,    402.00,    492.00,    904.00,    600.00
1761113115.04,      0.00,      0.00,    350.00,    381.00,   1697.00,    360.00,    600.00
1761113115.10,      0.00,      0.00,    349.00,    402.00,    553.00,    427.00,    600.00
1761113115.18,      0.00,      0.00,    350.00,    402.00,   1693.00,   2000.00,    600.00
1761113115.25,      0.00,      0.00,    349.00,    401.00,   1285.00,    826.00,    600.00
1761113115.32,      0.00,      0.00,    349.00,    381.00,   1713.00,    649.00,    600.00
1761113115.39,      0.00,      0.00,    349.00,    381.00,    969.00,    357.00,    600.00
1761113115.46,      4.00,     23.00,    349.00,    402.00,   1693.00,    401.00,    600.00
1761113115.53,     22.00,     60.00,    349.00,    402.00,   1701.00,    684.00,    600.00
1761113115.60,     20.00,     60.00,    350.00,    402.00,   1642.00,    684.00,    600.00
1761113115.67,     20.00,     60.00,    349.00,    407.00,   1585.00,    755.00,    600.00
1761113115.73,     18.00,     60.00,    354.00,    381.00,    802.00,    522.00,    600.00
1761113115.80,      3.00,     60.00,    350.00,    388.00,   1600.00,    818.00,    594.00
1761113115.87,      0.00,     60.00,    344.00,    386.00,    797.00,    819.00,    599.00
1761113115.93,      0.00,     60.00,    339.00,    383.00,   1550.00,    390.00,    599.00
1761113116.00,      0.00,     60.00,    342.00,    372.00,   1507.00,    738.00,    612.00
1761113116.07,      0.00,     60.00,    419.00,    680.00,   1163.00,    717.00,    600.00
1761113116.15,     -2.00,     60.00,    421.00,    657.00,   1052.00,    970.00,    605.00
1761113116.22,     -5.00,     60.00,    349.00,    630.00,   1077.00,    661.00,    567.00
1761113116.29,     -5.00,     60.00,    370.00,    313.00,   1033.00,    870.00,    607.00
1761113116.36,      0.00,     60.00,    398.00,    600.00,    559.00,    571.00,    606.00
1761113116.43,      0.00,     60.00,    576.00,    595.00,   1500.00,    648.00,    614.00
1761113116.50,      0.00,     60.00,    554.00,    590.00,   1046.00,    684.00,    620.00
1761113116.57,      0.00,     60.00,    552.00,    575.00,    980.00,    394.00,    634.00
1761113116.64,      6.00,     60.00,    553.00,    595.00,    895.00,    726.00,    637.00
1761113116.71,     84.00,     46.00,    548.00,    577.00,    635.00,    916.00,    649.00
1761113116.77,     99.00,     33.00,    549.00,    570.00,    573.00,    567.00,    661.00
1761113116.84,    100.00,     23.00,    550.00,    552.00,    499.00,    699.00,    660.00
1761113116.91,    100.00,     14.00,    522.00,    579.00,    482.00,    802.00,    556.00
1761113116.97,    100.00,      7.00,    566.00,    565.00,    514.00,    567.00,    553.00
1761113117.04,    100.00,      0.00,    501.00,    558.00,   1069.00,    484.00,    661.00
1761113117.11,    100.00,      0.00,    505.00,    552.00,   1107.00,    615.00,    555.00
1761113117.18,    100.00,      2.00,    567.00,    493.00,   1044.00,    481.00,    635.00
1761113117.24,    100.00,      8.00,    486.00,    466.00,    996.00,    505.00,    567.00
1761113117.31,    100.00,     21.00,    653.00,    716.00,    928.00,    459.00,    590.00
1761113117.38,     99.00,     34.00,    633.00,    400.00,    577.00,    883.00,    633.00
1761113117.45,     77.00,     50.00,    627.00,    377.00,   1512.00,    865.00,    636.00
1761113117.52,     34.00,     60.00,    630.00,    346.00,   1078.00,    791.00,    694.00
1761113117.59,     31.00,     60.00,    613.00,    302.00,   1019.00,    771.00,    624.00
1761113117.66,     31.00,     60.00,    592.00,    450.00,    979.00,    751.00,    711.00
1761113117.72,     12.00,     60.00,    582.00,    419.00,    552.00,    653.00,    692.00
1761113117.78,    -17.00,     60.00,    303.00,    289.00,    506.00,    659.00,    694.00
1761113117.85,    -36.00,     60.00,    215.00,    253.00,    573.00,    659.00,    593.00
1761113117.91,    -63.00,     56.00,    193.00,    212.00,    488.00,    657.00,    630.00
1761113117.98,    -55.00,     60.00,    183.00,    193.00,    402.00,   1833.00,    616.00
1761113118.04,    -20.00,     60.00,    168.00,    193.00,    341.00,    586.00,    604.00
1761113118.10,    -12.00,     60.00,    174.00,    232.00,    289.00,   1020.00,    609.00
1761113118.16,    -43.00,     60.00,    168.00,    464.00,    402.00,   1004.00,    621.00
1761113118.22,    -49.00,     60.00,    187.00,    167.00,    407.00,    484.00,    532.00
1761113118.29,    -49.00,     60.00,    446.00,    381.00,    360.00,    741.00,    600.00
1761113118.35,    -41.00,     60.00,    435.00,    349.00,    292.00,    867.00,    657.00
1761113118.41,    -42.00,     60.00,    121.00,    229.00,   1403.00,    249.00,    655.00
1761113118.48,    -47.00,     60.00,    363.00,    183.00,   1604.00,    790.00,    693.00
1761113118.55,    -47.00,     60.00,    271.00,    151.00,    604.00,    591.00,    703.00
1761113118.61,      9.00,     60.00,    319.00,    555.00,    623.00,    546.00,    701.00
1761113118.68,     95.00,     37.00,    363.00,    553.00,   1116.00,    777.00,    736.00
1761113118.75,    100.00,     21.00,    398.00,   1073.00,    516.00,    530.00,    739.00
1761113118.82,    100.00,     13.00,    517.00,    418.00,    899.00,    682.00,    705.00
1761113118.88,    100.00,     10.00,    484.00,    896.00,    871.00,    532.00,    603.00
1761113118.95,    100.00,      3.00,    527.00,    828.00,    811.00,    625.00,    605.00
1761113119.02,    100.00,      0.00,    537.00,    694.00,    736.00,    617.00,    617.00
1761113119.10,    100.00,      0.00,    543.00,   2000.00,    659.00,    633.00,    614.00
1761113119.16,    100.00,      1.00,    541.00,    808.00,    601.00,    610.00,    624.00
1761113119.23,    100.00,      7.00,    539.00,    836.00,    555.00,    621.00,    631.00
1761113119.30,    100.00,     40.00,    531.00,   1067.00,    523.00,    541.00,    555.00
1761113119.36,     74.00,     40.00,    525.00,   1023.00,    600.00,    501.00,    571.00
1761113119.44,     90.00,     40.00,    524.00,   2000.00,    538.00,    426.00,    557.00
1761113119.51,     81.00,     40.00,    525.00,   1069.00,    770.00,    446.00,    524.00
1761113119.58,     19.00,     40.00,    517.00,   1220.00,    901.00,    406.00,    543.00
1761113119.65,      0.00,     40.00,    514.00,    794.00,   1509.00,    299.00,    414.00
1761113119.71,      0.00,     40.00,    505.00,    782.00,    416.00,    408.00,    397.00
1761113119.78,    -28.00,     40.00,    493.00,    843.00,   1700.00,    584.00,    383.00
1761113119.85,    -78.00,     40.00,    490.00,    610.00,   1623.00,    558.00,    381.00
1761113119.92,    -56.00,     40.00,    488.00,    770.00,   1163.00,    532.00,    402.00
1761113119.99,    -14.00,     40.00,    552.00,    851.00,   1947.00,    544.00,    448.00
1761113120.07,      0.00,     40.00,    554.00,    816.00,   1754.00,    516.00,    418.00
1761113120.13,      0.00,     40.00,    701.00,    602.00,   1178.00,    489.00,    446.00
1761113120.20,    100.00,     40.00,    706.00,    781.00,   1384.00,    346.00,    486.00
1761113120.28,    100.00,     40.00,    734.00,    600.00,   1175.00,   1372.00,    485.00
1761113120.35,    100.00,     40.00,    844.00,    690.00,    930.00,    438.00,    417.00
1761113120.42,      0.00,     40.00,    766.00,    756.00,   1197.00,   1282.00,    438.00
1761113120.49,      0.00,     40.00,    751.00,    939.00,    725.00,    865.00,    486.00
1761113120.56,      0.00,     40.00,    752.00,    932.00,    708.00,   1037.00,    556.00
1761113120.64,      0.00,     40.00,    775.00,    476.00,   1577.00,   1209.00,   1217.00
1761113120.72,      0.00,     40.00,    801.00,    575.00,   1111.00,   1094.00,   1199.00
1761113120.78,     35.00,     40.00,    811.00,    824.00,    958.00,     64.00,    597.00
1761113120.86,     26.00,     40.00,    823.00,    507.00,    984.00,   1138.00,   1147.00
1761113120.93,      0.00,     40.00,    815.00,    775.00,    918.00,    301.00,    351.00
1761113121.00,      0.00,     40.00,    806.00,    762.00,    860.00,    847.00,   1099.00
1761113121.06,      0.00,     40.00,    758.00,    647.00,    800.00,    304.00,    357.00
1761113121.14,      0.00,     40.00,    752.00,    685.00,    764.00,    795.00,   1051.00
1761113121.20,     72.00,     40.00,    711.00,    638.00,    719.00,    396.00,   1043.00
1761113121.28,    100.00,     40.00,    713.00,    606.00,   1342.00,    640.00,    530.00
1761113121.35,      0.00,     40.00,    709.00,    561.00,   2000.00,    472.00,    659.00
1761113121.43,      0.00,     40.00,    697.00,    535.00,   2000.00,    330.00,    799.00
1761113121.49,      0.00,     40.00,    682.00,    501.00,    762.00,    515.00,    657.00
1761113121.56,      0.00,     40.00,    673.00,    418.00,    484.00,    772.00,    557.00
1761113121.63,      0.00,     40.00,    660.00,    452.00,   1446.00,    486.00,    652.00
1761113121.70,      0.00,     40.00,    659.00,    416.00,   1549.00,    430.00,    452.00
1761113121.76,    -96.00,     40.00,    426.00,    428.00,   1473.00,    192.00,    440.00
1761113121.83,    -88.00,     40.00,    405.00,    509.00,   1371.00,    410.00,    447.00
1761113121.90,     -7.00,     40.00,    382.00,    486.00,   1667.00,    243.00,    452.00
1761113121.96,      0.00,     40.00,    377.00,    456.00,    892.00,    584.00,    440.00
1761113122.03,      0.00,     40.00,    414.00,    442.00,   1634.00,    636.00,    448.00
1761113122.10,      0.00,     40.00,    445.00,    448.00,   1310.00,    797.00,    439.00
1761113122.17,      0.00,     40.00,    430.00,   1022.00,    756.00,   1027.00,    452.00
1761113122.24,      0.00,     40.00,    418.00,   1054.00,   1298.00,    991.00,    569.00
1761113122.32,      0.00,     40.00,    405.00,   1004.00,   1380.00,    955.00,    554.00
1761113122.39,    100.00,     40.00,    428.00,    951.00,   1382.00,    956.00,    556.00
1761113122.46,    100.00,     40.00,    448.00,   1002.00,    921.00,    977.00,    527.00
1761113122.53,      0.00,     40.00,    751.00,    815.00,   1015.00,    214.00,    539.00
1761113122.60,      0.00,     40.00,    857.00,    782.00,   1157.00,    822.00,    533.00
1761113122.67,      0.00,     40.00,    801.00,    695.00,    887.00,    968.00,    576.00
1761113122.75,     49.00,     40.00,    807.00,    739.00,   1351.00,   1035.00,    944.00
1761113122.82,      0.00,     40.00,    813.00,    688.00,    997.00,    301.00,    491.00
1761113122.89,      0.00,     40.00,    767.00,    553.00,   1165.00,    835.00,    949.00
1761113122.97,      0.00,     40.00,    783.00,    534.00,   1768.00,    987.00,    700.00
1761113123.04,      0.00,     40.00,    753.00,    601.00,    933.00,    838.00,    649.00
1761113123.10,      0.00,     40.00,    766.00,    530.00,   1075.00,    269.00,    491.00
1761113123.17,      0.00,     40.00,    829.00,    563.00,   1081.00,    731.00,    788.00
1761113123.25,      0.00,     40.00,    764.00,    564.00,   2000.00,    708.00,    772.00
1761113123.32,      0.00,     40.00,    554.00,    552.00,   2000.00,    645.00,    795.00
1761113123.40,      0.00,     40.00,    527.00,    697.00,   1588.00,    663.00,    756.00
1761113123.47,      0.00,     40.00,    508.00,    703.00,   1411.00,    568.00,    822.00
1761113123.54,      0.00,     40.00,    505.00,    448.00,   2000.00,    571.00,    805.00
1761113123.62,      0.00,     40.00,    512.00,    660.00,   1983.00,    611.00,    748.00
1761113123.68,      0.00,     40.00,    662.00,    552.00,    489.00,    533.00,    825.00
1761113123.75,      0.00,     40.00,    553.00,    621.00,   1521.00,    546.00,    554.00
1761113123.82,      0.00,     40.00,    486.00,    549.00,   1395.00,    225.00,    415.00
1761113123.88,      0.00,     40.00,    554.00,    390.00,    845.00,    482.00,    719.00
1761113123.95,      0.00,     40.00,    568.00,    571.00,   1724.00,    474.00,    516.00
1761113124.02,      0.00,     40.00,    617.00,    547.00,   1661.00,    456.00,    531.00
1761113124.09,      4.00,     40.00,    643.00,    553.00,   1313.00,    584.00,    590.00
1761113124.17,    100.00,     40.00,    652.00,    796.00,   1052.00,    896.00,    557.00
1761113124.24,    100.00,     40.00,    678.00,    762.00,   1370.00,    521.00,    355.00
1761113124.31,    100.00,     40.00,    947.00,    999.00,   1139.00,    689.00,    346.00
1761113124.38,    100.00,     40.00,    971.00,    824.00,   1258.00,    304.00,    353.00
1761113124.45,     34.00,     40.00,    825.00,    583.00,   1121.00,   1104.00,    571.00
1761113124.53,      0.00,     40.00,    927.00,    563.00,   1145.00,   1074.00,    646.00
1761113124.60,      0.00,     40.00,    745.00,    613.00,   1049.00,    992.00,    688.00
1761113124.68,      0.00,     40.00,    746.00,    546.00,    700.00,   1037.00,   2000.00
1761113124.76,      0.00,     40.00,    741.00,    798.00,   1054.00,    954.00,   1725.00
1761113124.83,      0.00,     40.00,    764.00,    450.00,    555.00,    401.00,    920.00
1761113124.90,      0.00,     40.00,    786.00,    735.00,    891.00,    327.00,    931.00
1761113124.98,      0.00,     40.00,    792.00,    713.00,    851.00,    815.00,   1707.00
1761113125.05,      0.00,     40.00,    848.00,    693.00,   1834.00,    613.00,    648.00
1761113125.13,      0.00,     40.00,   1029.00,    680.00,    741.00,    167.00,   1753.00
1761113125.20,      0.00,     40.00,    673.00,    687.00,    719.00,    626.00,   1811.00
1761113125.27,      0.00,     40.00,    654.00,    712.00,    684.00,    633.00,    704.00
1761113125.34,      0.00,     40.00,    826.00,    634.00,    639.00,    590.00,   1698.00
1761113125.42,    100.00,     40.00,    624.00,    879.00,   1631.00,    542.00,    604.00
1761113125.49,    100.00,     40.00,    615.00,    868.00,    555.00,    498.00,   1693.00
1761113125.57,    100.00,     40.00,    618.00,    804.00,    551.00,    453.00,   1743.00
1761113125.64,      0.00,     40.00,    685.00,    870.00,    797.00,    414.00,    749.00
1761113125.71,      0.00,     40.00,    628.00,    850.00,   1182.00,    396.00,    446.00
1761113125.78,      0.00,     40.00,    623.00,    642.00,   1188.00,    408.00,    488.00
1761113125.85,      0.00,     40.00,    684.00,    606.00,   1284.00,    550.00,    392.00
1761113125.92,      0.00,     40.00,    619.00,    741.00,    956.00,    638.00,    381.00
1761113125.99,      0.00,     40.00,    643.00,    780.00,   1600.00,    387.00,    394.00
1761113126.05,      0.00,     40.00,    628.00,    738.00,    617.00,    465.00,    402.00
1761113126.12,      0.00,     40.00,    651.00,    648.00,    887.00,    846.00,    434.00
1761113126.19,      0.00,     40.00,    640.00,    902.00,   1098.00,    813.00,    619.00
1761113126.27,      0.00,     40.00,    654.00,    795.00,   1174.00,    648.00,    544.00
1761113126.34,      0.00,     40.00,    671.00,    690.00,   1074.00,    756.00,    556.00
1761113126.41,      0.00,     40.00,    689.00,    757.00,    998.00,    725.00,    536.00
1761113126.49,      0.00,     40.00,    706.00,    927.00,   1831.00,    756.00,    522.00
1761113126.56,      0.00,     40.00,    723.00,    913.00,    646.00,    745.00,    539.00
1761113126.63,      0.00,     40.00,    739.00,    578.00,   1980.00,    725.00,    549.00
1761113126.70,      0.00,     40.00,    756.00,    591.00,   1217.00,    704.00,    556.00
1761113126.78,      0.00,     40.00,    771.00,    484.00,   2000.00,    691.00,    592.00
1761113126.85,      0.00,     40.00,    787.00,    486.00,    997.00,    678.00,    637.00
1761113126.92,      0.00,     40.00,    799.00,    882.00,   1818.00,    674.00,    630.00
1761113126.99,      0.00,     40.00,    818.00,    714.00,    686.00,    765.00,    640.00
1761113127.06,      0.00,     40.00,    822.00,    426.00,    959.00,    389.00,    615.00
1761113127.13,      0.00,     40.00,    823.00,   1186.00,    826.00,    605.00,    603.00
1761113127.21,      0.00,     40.00,    841.00,   2000.00,    434.00,    592.00,    583.00
1761113127.27,      0.00,     40.00,    832.00,    690.00,    509.00,    558.00,    567.00
1761113127.35,      0.00,     40.00,    836.00,   1651.00,   1022.00,    556.00,    557.00
1761113127.42,      0.00,     40.00,    847.00,    656.00,   1125.00,    481.00,    532.00
1761113127.49,      0.00,     40.00,    860.00,    778.00,   1458.00,    530.00,    522.00
1761113127.56,      0.00,     40.00,    873.00,    648.00,    368.00,    315.00,    510.00
1761113127.62,    100.00,     40.00,    890.00,   1094.00,    452.00,    513.00,    497.00
1761113127.70,    100.00,     40.00,    903.00,    742.00,   1283.00,    496.00,    491.00
1761113127.76,    100.00,     40.00,    927.00,    706.00,   1221.00,    263.00,    488.00
1761113127.83,    100.00,     40.00,    933.00,    825.00,    724.00,    489.00,    468.00
1761113127.91,    100.00,     40.00,    961.00,   2000.00,   1030.00,    369.00,    472.00
1761113127.98,    100.00,     40.00,    953.00,    476.00,   1040.00,    350.00,    486.00
1761113128.05,    100.00,     40.00,    948.00,    368.00,    994.00,   1008.00,    508.00
1761113128.12,    100.00,     40.00,    960.00,   1270.00,    942.00,    951.00,    554.00
1761113128.19,    100.00,     40.00,    937.00,    982.00,    836.00,    887.00,    596.00
1761113128.27,    100.00,     40.00,    944.00,    951.00,   1043.00,    840.00,    672.00
1761113128.34,    100.00,     40.00,   1128.00,    926.00,    966.00,    805.00,    856.00
1761113128.42,    100.00,     40.00,   1194.00,    862.00,    757.00,    779.00,    807.00
1761113128.49,      0.00,     40.00,   1124.00,    792.00,    642.00,    557.00,    776.00
1761113128.56,      0.00,     40.00,   1181.00,    349.00,   1189.00,    780.00,    761.00
1761113128.63,      0.00,     40.00,   1081.00,    700.00,   1009.00,    397.00,    768.00
1761113128.71,      0.00,     40.00,   1190.00,    409.00,    968.00,    955.00,    773.00
1761113128.78,      0.00,     40.00,   1125.00,    649.00,    861.00,    678.00,    777.00
1761113128.85,      0.00,     40.00,   1136.00,    579.00,    789.00,    382.00,    793.00
1761113128.92,      0.00,     40.00,   1173.00,    474.00,    580.00,   1126.00,    818.00
1761113128.99,      0.00,     40.00,   2000.00,    424.00,    698.00,    489.00,    856.00
1761113129.06,      0.00,     40.00,    698.00,    487.00,    682.00,   1035.00,    893.00
1761113129.13,      0.00,     40.00,    539.00,    434.00,    614.00,    727.00,    887.00
1761113129.20,      0.00,     40.00,    532.00,    428.00,    576.00,    577.00,    879.00
1761113129.26,      0.00,     40.00,    502.00,    416.00,    552.00,    542.00,    785.00
1761113129.33,      0.00,     40.00,    488.00,    361.00,    552.00,   2000.00,    858.00
1761113129.40,      0.00,     40.00,    466.00,    360.00,    576.00,    712.00,    576.00
1761113129.46,   -100.00,     40.00,    416.00,    445.00,    555.00,    645.00,    852.00
1761113129.53,   -100.00,     40.00,    316.00,    379.00,    725.00,    935.00,    564.00
1761113129.60,   -100.00,     40.00,    287.00,    454.00,   1233.00,    394.00,    855.00
1761113129.67,   -100.00,     40.00,    433.00,    489.00,   1219.00,    879.00,    841.00
1761113129.73,      0.00,     40.00,    347.00,    297.00,   1335.00,    585.00,    824.00
1761113129.81,      0.00,     40.00,    373.00,    552.00,   1818.00,    805.00,    805.00
1761113129.88,      0.00,     40.00,    235.00,    703.00,   1477.00,    766.00,    777.00
1761113129.95,      0.00,     40.00,    356.00,    720.00,    731.00,    734.00,    748.00
1761113130.02,      0.00,     40.00,    515.00,    828.00,   1245.00,    317.00,    723.00
1761113130.09,      0.00,     40.00,    534.00,    499.00,    631.00,    674.00,    690.00
1761113130.16,      0.00,     40.00,    558.00,    745.00,   1610.00,    358.00,    661.00
1761113130.23,      0.00,     40.00,    555.00,    875.00,    895.00,    568.00,    627.00
1761113130.30,      0.00,     40.00,    632.00,    819.00,   1012.00,    567.00,    613.00
1761113130.37,      0.00,     40.00,    659.00,    768.00,    956.00,    544.00,   1633.00
1761113130.44,     24.00,     40.00,    670.00,    754.00,    900.00,    507.00,    546.00
1761113130.51,    100.00,     40.00,    700.00,    746.00,    853.00,    479.00,    507.00
1761113130.58,    100.00,     40.00,    727.00,    953.00,    718.00,    296.00,    476.00
1761113130.65,    100.00,     40.00,    706.00,    936.00,    729.00,    405.00,    591.00
1761113130.72,      0.00,     40.00,    699.00,    631.00,    689.00,    403.00,    422.00
1761113130.79,      0.00,     40.00,    794.00,   1546.00,    843.00,    390.00,    397.00
1761113130.86,      0.00,     40.00,    794.00,    489.00,   1302.00,    252.00,    385.00
1761113130.92,      0.00,     40.00,    640.00,    488.00,   1323.00,    357.00,    390.00
1761113130.99,      0.00,     40.00,    610.00,    609.00,   1544.00,    399.00,    376.00
1761113131.06,      0.00,     40.00,    581.00,    752.00,   1611.00,    405.00,    374.00
1761113131.13,      0.00,     40.00,    571.00,    617.00,   1196.00,    166.00,    376.00
1761113131.20,      0.00,     40.00,    574.00,    347.00,   1655.00,    408.00,    357.00
1761113131.26,      0.00,     40.00,    797.00,    636.00,   1059.00,    212.00,    349.00
1761113131.34,      0.00,     40.00,    761.00,    655.00,    247.00,    385.00,    360.00
1761113131.41,      0.00,     40.00,    611.00,    613.00,   2000.00,    385.00,    338.00
1761113131.47,      0.00,     40.00,    593.00,    528.00,    961.00,    547.00,    343.00
1761113131.54,      0.00,     40.00,    138.00,    554.00,   2000.00,    368.00,    343.00
1761113131.61,      0.00,     40.00,    555.00,    552.00,   1062.00,    255.00,    340.00
1761113131.67,      0.00,     40.00,    563.00,    555.00,    999.00,    378.00,    333.00
1761113131.74,      0.00,     40.00,    806.00,    510.00,   1571.00,    378.00,    330.00
1761113131.81,      0.00,     40.00,    581.00,    885.00,   1057.00,    661.00,    328.00
1761113131.88,      0.00,     40.00,    603.00,    563.00,   1922.00,    680.00,    325.00
1761113131.95,      0.00,     40.00,    684.00,    482.00,   1246.00,    663.00,    322.00
1761113132.02,      0.00,     40.00,    882.00,    823.00,   1875.00,    368.00,    316.00
1761113132.10,      0.00,     40.00,    908.00,    440.00,   2000.00,    627.00,    319.00
1761113132.17,      0.00,     40.00,    640.00,    593.00,   1214.00,    412.00,    314.00
1761113132.24,      0.00,     40.00,    629.00,    652.00,   1128.00,    686.00,    317.00
1761113132.31,      0.00,     40.00,    625.00,    648.00,   2000.00,    689.00,    312.00
1761113132.38,      0.00,     40.00,    623.00,    645.00,   1457.00,    734.00,    320.00
1761113132.45,      0.00,     40.00,    621.00,    639.00,   1027.00,    545.00,    324.00
1761113132.51,      0.00,     40.00,    619.00,    662.00,   1005.00,    495.00,    312.00
1761113132.58,      0.00,     40.00,    616.00,   1004.00,    826.00,    283.00,    325.00
1761113132.65,      0.00,     40.00,    626.00,    751.00,   1085.00,    459.00,    317.00
1761113132.72,      0.00,     40.00,    635.00,    900.00,    905.00,    433.00,    322.00
1761113132.78,      0.00,     40.00,    654.00,    530.00,    959.00,    371.00,    314.00
1761113132.85,      0.00,     40.00,    673.00,    900.00,   1039.00,    457.00,    320.00
1761113132.92,      0.00,     40.00,    674.00,    893.00,    956.00,    926.00,    317.00
1761113132.99,      0.00,     40.00,    860.00,    713.00,    983.00,    337.00,    319.00
1761113133.06,      0.00,     40.00,    728.00,    701.00,    992.00,    790.00,    335.00
1761113133.13,      0.00,     40.00,    756.00,    434.00,    823.00,    805.00,    332.00
1761113133.19,      0.00,     40.00,    849.00,    648.00,    454.00,    960.00,    340.00
1761113133.26,      0.00,     40.00,    850.00,    436.00,    837.00,    543.00,    335.00
1761113133.32,      0.00,     40.00,    559.00,    880.00,    630.00,    571.00,    343.00
1761113133.39,      0.00,     40.00,    843.00,    883.00,    719.00,    616.00,    338.00
1761113133.46,      0.00,     40.00,    839.00,    621.00,    658.00,    642.00,    351.00
1761113133.53,    100.00,     40.00,    834.00,    886.00,    604.00,    656.00,    367.00
1761113133.59,    100.00,     40.00,    837.00,    739.00,    553.00,    607.00,    351.00
1761113133.66,    100.00,     40.00,    837.00,    762.00,    496.00,    612.00,    355.00
1761113133.72,    100.00,     40.00,    851.00,    666.00,    460.00,    621.00,    364.00
1761113133.79,    100.00,     40.00,    838.00,   1560.00,    414.00,    587.00,    386.00
1761113133.86,    100.00,     40.00,    879.00,    979.00,    736.00,    530.00,    437.00
1761113133.93,    100.00,     40.00,    844.00,    587.00,    706.00,    817.00,    488.00
1761113134.00,    100.00,     40.00,    841.00,    550.00,    422.00,    563.00,    360.00
1761113134.06,      0.00,     40.00,    967.00,    634.00,    565.00,    367.00,    557.00
1761113134.13,      0.00,     40.00,    961.00,    757.00,    873.00,    527.00,    367.00
1761113134.20,      0.00,     40.00,    950.00,    658.00,   1062.00,    486.00,    420.00
1761113134.27,      0.00,     40.00,    928.00,    702.00,   1018.00,    461.00,    415.00
1761113134.34,      0.00,     40.00,    919.00,    657.00,    965.00,    467.00,   1310.00
1761113134.41,      0.00,     40.00,    905.00,    656.00,    470.00,    482.00,    390.00
1761113134.48,      0.00,     40.00,    894.00,    638.00,    830.00,    552.00,    679.00
1761113134.54,      0.00,     40.00,    612.00,    677.00,    758.00,    633.00,    409.00
1761113134.61,      0.00,     40.00,    615.00,    608.00,    709.00,    612.00,    458.00
1761113134.67,    100.00,     40.00,    579.00,    731.00,    676.00,    593.00,    429.00
1761113134.74,    100.00,     40.00,    575.00,    873.00,    634.00,    573.00,    300.00
1761113134.80,    100.00,     40.00,    427.00,    549.00,    563.00,    439.00,    470.00
1761113134.87,    100.00,     40.00,    574.00,    839.00,    371.00,    529.00,    486.00
1761113134.94,      0.00,     40.00,    568.00,    809.00,    530.00,    533.00,    494.00
1761113135.01,      0.00,     40.00,    560.00,    535.00,   1461.00,    383.00,    525.00
1761113135.07,      0.00,     40.00,    551.00,    570.00,    513.00,    359.00,    351.00
1761113135.14,      0.00,     40.00,    534.00,    551.00,    885.00,    142.00,    534.00
1761113135.21,      0.00,     40.00,    526.00,    548.00,    499.00,    355.00,    539.00
1761113135.27,      0.00,     40.00,    522.00,    542.00,    753.00,    359.00,    327.00
1761113135.33,      0.00,     40.00,    515.00,    517.00,    704.00,    366.00,    288.00
1761113135.40,      0.00,     40.00,    513.00,    400.00,    597.00,    692.00,    291.00
1761113135.46,     -9.00,     40.00,    501.00,    446.00,    671.00,    633.00,    306.00
1761113135.53,    -47.00,     40.00,    495.00,    368.00,    597.00,    658.00,    351.00
1761113135.59,      0.00,     40.00,    491.00,    407.00,    554.00,    670.00,    609.00
1761113135.65,      0.00,     40.00,    492.00,    416.00,    631.00,    414.00,    601.00
1761113135.72,      0.00,     40.00,    503.00,    555.00,   1474.00,    357.00,    668.00
1761113135.79,      0.00,     40.00,    396.00,    503.00,    573.00,    690.00,    586.00
1761113135.85,      0.00,     40.00,    415.00,    358.00,    775.00,    785.00,    562.00
1761113135.92,      0.00,     40.00,    454.00,    326.00,   1311.00,    433.00,    553.00
1761113135.99,      0.00,     40.00,    434.00,    261.00,   1252.00,    695.00,    556.00
1761113136.06,      0.00,     40.00,    377.00,    499.00,   1185.00,    691.00,    571.00
1761113136.13,      0.00,     40.00,    411.00,    393.00,   1133.00,    410.00,    602.00
1761113136.19,      0.00,     40.00,    280.00,    372.00,   1079.00,    707.00,    665.00
1761113136.26,      0.00,     40.00,    239.00,    517.00,   1000.00,    687.00,    600.00
1761113136.33,      0.00,     40.00,    253.00,    552.00,    914.00,    707.00,    598.00
1761113136.40,      0.00,     40.00,    475.00,    504.00,    905.00,    390.00,    495.00
1761113136.47,      0.00,     40.00,    452.00,    540.00,    850.00,    359.00,    669.00
1761113136.54,      0.00,     40.00,    459.00,    553.00,    796.00,    717.00,    672.00
1761113136.61,    100.00,     40.00,    485.00,   1593.00,    652.00,    214.00,    486.00
1761113136.67,    100.00,     40.00,    491.00,   1293.00,    679.00,    211.00,    559.00
1761113136.74,    100.00,     40.00,    488.00,   1069.00,    621.00,    556.00,    556.00
1761113136.82,    100.00,     40.00,    490.00,   2000.00,    572.00,    686.00,    691.00
1761113136.89,    100.00,     40.00,    489.00,   1008.00,    553.00,    600.00,    554.00
1761113136.96,      0.00,     40.00,    488.00,    466.00,    616.00,    501.00,    585.00
1761113137.02,      0.00,     40.00,    489.00,    514.00,    777.00,    325.00,    555.00
1761113137.09,      0.00,     40.00,    485.00,    676.00,    736.00,    414.00,    512.00
1761113137.16,      0.00,     40.00,    484.00,   1160.00,   1189.00,    401.00,    490.00
1761113137.22,      0.00,     40.00,    489.00,   1196.00,    880.00,    387.00,    393.00
1761113137.29,      0.00,     40.00,    498.00,   1050.00,   1059.00,    500.00,    377.00
1761113137.37,      0.00,     40.00,    509.00,   1111.00,   1888.00,    482.00,    370.00
1761113137.43,      0.00,     40.00,    565.00,   1306.00,    604.00,    448.00,    444.00
1761113137.50,      0.00,     40.00,    771.00,    693.00,   1154.00,    462.00,    422.00
1761113137.57,      0.00,     40.00,    739.00,    680.00,    930.00,    453.00,    436.00
1761113137.64,     25.00,     40.00,    748.00,   1090.00,    700.00,    422.00,    440.00
1761113137.72,    100.00,     40.00,    774.00,   1092.00,   1674.00,    413.00,    488.00
1761113137.80,    100.00,     40.00,   1033.00,   1027.00,   1441.00,   1030.00,    388.00
1761113137.87,    100.00,     40.00,    875.00,    726.00,    922.00,    294.00,    381.00
1761113137.94,    100.00,     40.00,    899.00,    622.00,   1063.00,   1205.00,    404.00
1761113138.02,    100.00,     40.00,    817.00,    953.00,   1346.00,   1173.00,    733.00
1761113138.09,    100.00,     40.00,    828.00,    517.00,   1511.00,    842.00,   1168.00
1761113138.17,      0.00,     40.00,    833.00,    637.00,   1022.00,   1033.00,   1151.00
1761113138.24,      0.00,     40.00,    830.00,    819.00,    671.00,    468.00,   1165.00
1761113138.32,      0.00,     40.00,    825.00,    787.00,    851.00,   1161.00,   1148.00
1761113138.39,      0.00,     40.00,    823.00,    613.00,    784.00,    726.00,    726.00
1761113138.46,      0.00,     40.00,    817.00,    705.00,    728.00,    993.00,    558.00
1761113138.53,      0.00,     40.00,    811.00,    637.00,    682.00,    590.00,    890.00
1761113138.60,    -19.00,     40.00,    810.00,    604.00,    612.00,    733.00,   1162.00
1761113138.67,   -100.00,     40.00,    807.00,    581.00,    553.00,    429.00,   1096.00
1761113138.74,      0.00,     40.00,    808.00,    554.00,    537.00,    562.00,    844.00
1761113138.80,      0.00,     40.00,    806.00,    528.00,    704.00,    859.00,    597.00
1761113138.87,      0.00,     40.00,    557.00,    442.00,    602.00,    667.00,    736.00
1761113138.93,      0.00,     40.00,    795.00,    372.00,    647.00,    167.00,    488.00
1761113139.00,      0.00,     40.00,    559.00,    331.00,    610.00,    710.00,    660.00
1761113139.06,      0.00,     40.00,    486.00,    292.00,    555.00,    671.00,    688.00
1761113139.12,      0.00,     40.00,    486.00,    284.00,    518.00,    655.00,    668.00
1761113139.19,      0.00,     40.00,    477.00,    426.00,    737.00,    549.00,    653.00
1761113139.26,      0.00,     40.00,    486.00,    400.00,   1392.00,    829.00,    636.00
1761113139.32,      0.00,     40.00,    235.00,    356.00,   1231.00,    593.00,    645.00
1761113139.39,      0.00,     40.00,    554.00,    324.00,   1165.00,    573.00,    556.00
1761113139.46,      0.00,     40.00,    428.00,    297.00,    444.00,   1532.00,    624.00
1761113139.52,      0.00,     40.00,    430.00,    273.00,    728.00,   1086.00,    630.00
1761113139.59,      0.00,     40.00,    398.00,    305.00,    707.00,   1133.00,    638.00
1761113139.66,      0.00,     40.00,    414.00,    565.00,   1031.00,    521.00,    605.00
1761113139.73,      0.00,     40.00,    215.00,    552.00,   1812.00,    986.00,    768.00
1761113139.80,      0.00,     40.00,    221.00,    432.00,    850.00,   1393.00,    764.00
1761113139.87,      0.00,     40.00,    227.00,    697.00,    786.00,    789.00,    779.00
1761113139.94,      0.00,     40.00,    494.00,    687.00,   1165.00,    991.00,    767.00
1761113140.02,      0.00,     40.00,    518.00,    640.00,    708.00,    906.00,    787.00
1761113140.10,      0.00,     40.00,    542.00,    621.00,   1158.00,   1233.00,   1168.00
1761113140.17,      0.00,     40.00,    457.00,    575.00,   1252.00,    246.00,    481.00
1761113140.24,      0.00,     40.00,    585.00,    537.00,   1491.00,    296.00,    425.00
1761113140.32,      0.00,     40.00,    551.00,    492.00,   1328.00,   1054.00,   1183.00
1761113140.39,      0.00,     40.00,    525.00,    464.00,   1276.00,   1263.00,   1184.00
1761113140.47,      0.00,     40.00,    526.00,    417.00,   1871.00,   1025.00,    721.00
1761113140.54,      0.00,     40.00,    545.00,    381.00,   1708.00,    930.00,    774.00
1761113140.62,      0.00,     40.00,    539.00,    379.00,   1986.00,    852.00,    822.00
1761113140.69,      0.00,     40.00,    594.00,    537.00,   1770.00,    790.00,    835.00
1761113140.76,      0.00,     40.00,    349.00,    609.00,   1854.00,    723.00,    874.00
1761113140.85,      0.00,     40.00,    334.00,    562.00,   1968.00,    722.00,    824.00
1761113140.92,      0.00,     40.00,    347.00,    150.00,    793.00,    672.00,    879.00
1761113140.99,      0.00,     40.00,    635.00,    545.00,   1058.00,    607.00,    880.00
1761113141.06,      0.00,     40.00,    426.00,    537.00,   1702.00,    544.00,    928.00
1761113141.14,      0.00,     40.00,    551.00,    782.00,   1012.00,    551.00,    900.00
1761113141.21,      0.00,     40.00,    548.00,    771.00,   1074.00,    595.00,    663.00
1761113141.28,      0.00,     40.00,    551.00,    721.00,   1086.00,    346.00,    349.00
1761113141.35,      0.00,     40.00,    572.00,    484.00,   1514.00,    592.00,    588.00
1761113141.42,      0.00,     40.00,    563.00,    667.00,   1395.00,    489.00,    568.00
1761113141.49,      0.00,     40.00,    936.00,    513.00,    941.00,    459.00,    554.00
1761113141.55,      0.00,     40.00,    932.00,   1139.00,    464.00,    232.00,    553.00
1761113141.63,      0.00,     40.00,    936.00,   2000.00,    689.00,    362.00,    548.00
1761113141.70,     32.00,     40.00,    937.00,    583.00,   1087.00,    414.00,    566.00
1761113141.78,    100.00,     40.00,    941.00,    769.00,   1756.00,    660.00,    362.00
1761113141.85,    100.00,     40.00,    951.00,    539.00,    976.00,    615.00,    351.00
1761113141.93,    100.00,     40.00,    935.00,   1931.00,   1635.00,    603.00,    381.00
1761113142.00,    100.00,     40.00,    960.00,    580.00,   1018.00,    969.00,    574.00
1761113142.07,    100.00,     40.00,    959.00,    911.00,    854.00,   1024.00,    590.00
1761113142.14,    100.00,     40.00,    938.00,   1313.00,    968.00,    353.00,    605.00
1761113142.22,      0.00,     40.00,    951.00,   1190.00,    923.00,   1084.00,    648.00
1761113142.29,      0.00,     40.00,    967.00,    903.00,    781.00,    355.00,    966.00
1761113142.37,      0.00,     40.00,    975.00,    859.00,    739.00,   1332.00,   1418.00
1761113142.45,      0.00,     40.00,    946.00,    816.00,    552.00,    757.00,   1493.00
1761113142.52,      0.00,     40.00,    936.00,    791.00,   2000.00,    556.00,    613.00
1761113142.59,      0.00,     40.00,   1094.00,    775.00,    688.00,    475.00,    699.00
1761113142.66,      0.00,     40.00,   1043.00,    456.00,    989.00,    604.00,    589.00
1761113142.73,      0.00,     40.00,    800.00,    638.00,    994.00,    566.00,    631.00
1761113142.81,      0.00,     40.00,    727.00,    767.00,   2000.00,    510.00,   1583.00
1761113142.88,      0.00,     40.00,    710.00,    745.00,   1008.00,    481.00,    565.00
1761113142.95,      2.00,     40.00,    703.00,    706.00,   1064.00,    425.00,   1591.00
1761113143.03,    100.00,     40.00,    697.00,    902.00,   1110.00,    399.00,   1662.00
1761113143.11,    100.00,     40.00,    699.00,    938.00,   1743.00,    355.00,   1651.00
1761113143.18,    100.00,     40.00,    707.00,    769.00,   1107.00,    320.00,    556.00
1761113143.25,    100.00,     40.00,    713.00,    735.00,   1076.00,    293.00,    348.00
1761113143.32,      0.00,     40.00,    714.00,    936.00,   1120.00,    307.00,    350.00
1761113143.39,      0.00,     40.00,    712.00,    743.00,   1527.00,    269.00,    430.00
1761113143.45,      0.00,     40.00,    711.00,    876.00,    833.00,    494.00,    322.00
1761113143.52,      0.00,     40.00,    705.00,    836.00,    900.00,    234.00,    351.00
1761113143.59,      0.00,     40.00,    703.00,    786.00,    944.00,    818.00,    553.00
1761113143.66,      0.00,     40.00,    703.00,    760.00,   1161.00,    793.00,    556.00
1761113143.73,      0.00,     40.00,    698.00,    845.00,    840.00,    535.00,    617.00
1761113143.80,      0.00,     40.00,    701.00,    599.00,    987.00,    748.00,    501.00
1761113143.87,      0.00,     40.00,    709.00,    590.00,    888.00,    743.00,    556.00
1761113143.94,      0.00,     40.00,    717.00,    781.00,   1578.00,    423.00,    743.00
1761113144.01,      0.00,     40.00,    724.00,    847.00,   2000.00,    747.00,    511.00
1761113144.09,      0.00,     40.00,    736.00,    711.00,   1231.00,    749.00,    555.00
1761113144.16,      0.00,     40.00,    736.00,    819.00,    873.00,    741.00,    556.00
1761113144.23,      0.00,     40.00,    742.00,    766.00,   1110.00,    427.00,    668.00
1761113144.30,      0.00,     40.00,    752.00,    873.00,   1424.00,    720.00,    670.00
1761113144.37,      0.00,     40.00,    755.00,    814.00,   1119.00,    235.00,    664.00
1761113144.44,      0.00,     40.00,    760.00,    783.00,   1147.00,    714.00,    673.00
1761113144.51,      0.00,     40.00,    770.00,    658.00,   1404.00,    307.00,    688.00
1761113144.58,      0.00,     40.00,    777.00,    706.00,    970.00,    699.00,    680.00
1761113144.65,      0.00,     40.00,    764.00,    929.00,   1235.00,    513.00,    672.00
1761113144.72,      0.00,     40.00,    754.00,    578.00,    679.00,    694.00,    670.00
1761113144.79,      0.00,     40.00,    745.00,    773.00,   1081.00,    471.00,    659.00
1761113144.86,      0.00,     40.00,    749.00,    704.00,   1239.00,    682.00,    654.00
1761113144.93,      0.00,     40.00,    742.00,    810.00,    948.00,    675.00,    647.00
1761113145.00,      0.00,     40.00,    750.00,    599.00,   1125.00,    229.00,    558.00
1761113145.07,      0.00,     40.00,    754.00,    637.00,   1071.00,    684.00,    632.00
1761113145.14,      0.00,     40.00,    759.00,    818.00,   1112.00,    852.00,    627.00
1761113145.22,      0.00,     40.00,    764.00,    819.00,   1278.00,    672.00,    623.00
1761113145.29,     48.00,     40.00,    778.00,    698.00,    920.00,    693.00,    641.00
1761113145.36,    100.00,     40.00,    789.00,   2000.00,    798.00,    665.00,    640.00
1761113145.43,    100.00,     40.00,    807.00,    692.00,   1087.00,    545.00,    608.00
1761113145.50,    100.00,     40.00,    856.00,    450.00,   1028.00,    668.00,    607.00
1761113145.57,    100.00,     40.00,    878.00,    741.00,    804.00,    598.00,    621.00
1761113145.64,    100.00,     40.00,    455.00,    764.00,    921.00,    223.00,    641.00
1761113145.71,    100.00,     40.00,    863.00,    986.00,    872.00,    419.00,    664.00
1761113145.78,      0.00,     40.00,    877.00,    813.00,    648.00,    280.00,    707.00
1761113145.84,      0.00,     40.00,    862.00,    499.00,    789.00,    457.00,   1100.00
1761113145.91,      0.00,     40.00,    838.00,    606.00,   1265.00,    234.00,    793.00
1761113145.99,      0.00,     40.00,    791.00,    856.00,   1295.00,    720.00,    744.00
1761113146.06,      0.00,     40.00,    771.00,    616.00,   1220.00,    693.00,   1120.00
1761113146.13,      0.00,     40.00,    780.00,    821.00,    655.00,    690.00,   1138.00
1761113146.21,      0.00,     40.00,    764.00,    783.00,   1109.00,    675.00,   2000.00
1761113146.29,      0.00,     40.00,    786.00,    702.00,   1305.00,    598.00,    753.00
1761113146.36,      0.00,     40.00,    755.00,    884.00,   2000.00,    636.00,    597.00
1761113146.44,     31.00,     40.00,    742.00,   1193.00,   1042.00,    619.00,    586.00
1761113146.51,    100.00,     40.00,    730.00,    818.00,   1100.00,    587.00,    598.00
1761113146.58,    100.00,     40.00,    729.00,    709.00,   1533.00,    554.00,    614.00
1761113146.65,    100.00,     40.00,    745.00,   1040.00,    974.00,    525.00,    628.00
1761113146.73,    100.00,     40.00,    728.00,   1580.00,   1266.00,    229.00,    531.00
1761113146.79,      0.00,     40.00,    709.00,    742.00,    816.00,    301.00,    499.00
1761113146.86,      0.00,     40.00,    705.00,    736.00,    788.00,    483.00,    488.00
1761113146.93,      0.00,     40.00,    678.00,    664.00,   1303.00,    348.00,    474.00
1761113146.99,      0.00,     40.00,    285.00,    360.00,   1599.00,    496.00,    472.00
1761113147.06,      0.00,     40.00,    645.00,    648.00,    425.00,    343.00,    478.00
1761113147.12,      0.00,     40.00,    640.00,    619.00,   1009.00,    490.00,    470.00
1761113147.19,      0.00,     40.00,    650.00,    836.00,    886.00,    496.00,    462.00
1761113147.26,      0.00,     40.00,    689.00,    606.00,   1528.00,    498.00,    458.00
1761113147.33,      0.00,     40.00,    660.00,    587.00,    506.00,    487.00,    470.00
1761113147.40,      0.00,     40.00,    577.00,    560.00,   1407.00,    499.00,    454.00
1761113147.47,      0.00,     40.00,    534.00,    815.00,   1453.00,    498.00,    452.00
1761113147.53,      0.00,     40.00,    512.00,    764.00,    986.00,    497.00,    460.00
1761113147.60,      0.00,     40.00,    520.00,    826.00,   2000.00,    286.00,    464.00
1761113147.67,      0.00,     40.00,    519.00,    879.00,   1015.00,    979.00,    458.00
1761113147.74,      0.00,     40.00,    525.00,    788.00,   1174.00,    234.00,    477.00
1761113147.81,      0.00,     40.00,    549.00,    914.00,   1032.00,    281.00,    458.00
1761113147.88,      0.00,     40.00,    563.00,    774.00,   1274.00,    552.00,    462.00
1761113147.95,      0.00,     40.00,    601.00,    776.00,   1253.00,    288.00,    458.00
1761113148.02,      0.00,     40.00,    742.00,    734.00,   2000.00,    508.00,    456.00
1761113148.09,      0.00,     40.00,    739.00,    698.00,    952.00,    553.00,    466.00
1761113148.16,      0.00,     40.00,    735.00,    655.00,   1088.00,    346.00,    460.00
1761113148.23,      0.00,     40.00,    616.00,    659.00,   1480.00,    550.00,    458.00
1761113148.30,      0.00,     40.00,    722.00,    580.00,   1253.00,    692.00,    466.00
1761113148.36,      0.00,     40.00,    716.00,    554.00,   1323.00,    421.00,    475.00
1761113148.43,      0.00,     40.00,    197.00,    522.00,   1589.00,    478.00,    483.00
1761113148.50,      0.00,     40.00,    719.00,    553.00,   1215.00,    553.00,    476.00
1761113148.57,      0.00,     40.00,    718.00,    613.00,   1195.00,    414.00,    480.00
1761113148.64,      0.00,     40.00,    553.00,    570.00,   1945.00,    990.00,    485.00
1761113148.71,      0.00,     40.00,    730.00,    567.00,    709.00,    549.00,    489.00
1761113148.78,      0.00,     40.00,    490.00,    540.00,   1409.00,   1053.00,    494.00
1761113148.85,      0.00,     40.00,    485.00,    504.00,   2000.00,    362.00,    500.00
1761113148.92,      0.00,     40.00,    486.00,    458.00,   1706.00,    969.00,    506.00
1761113148.99,      0.00,     40.00,    532.00,    411.00,   1495.00,    993.00,    513.00
1761113149.06,      0.00,     40.00,    393.00,    565.00,   1420.00,    208.00,    520.00
1761113149.13,      0.00,     40.00,    398.00,    484.00,   1935.00,   1033.00,    528.00
1761113149.21,      0.00,     40.00,    485.00,    530.00,   1492.00,   1009.00,    530.00
1761113149.27,      0.00,     40.00,    387.00,    484.00,    460.00,   1160.00,    537.00
1761113149.34,      0.00,     40.00,    391.00,    474.00,    603.00,    661.00,    544.00
1761113149.41,      0.00,     40.00,    403.00,    420.00,   2000.00,    840.00,    553.00
1761113149.48,      0.00,     40.00,    458.00,    426.00,   2000.00,    531.00,    561.00
1761113149.55,      0.00,     40.00,    443.00,    407.00,   1796.00,    637.00,    570.00
1761113149.62,      0.00,     40.00,    402.00,    395.00,    631.00,   1747.00,    585.00
1761113149.69,      0.00,     40.00,    366.00,    368.00,   1536.00,    886.00,    593.00
1761113149.76,      0.00,     40.00,    359.00,    372.00,   1633.00,    721.00,    599.00
1761113149.83,      0.00,     40.00,    347.00,    351.00,   1552.00,    779.00,    614.00
1761113149.90,      0.00,     40.00,    339.00,    356.00,   1520.00,    719.00,    622.00
1761113149.97,      0.00,     40.00,    319.00,    339.00,   1458.00,    639.00,    632.00
1761113150.03,      0.00,     40.00,    310.00,    597.00,   1225.00,    868.00,    638.00
1761113150.11,      0.00,     40.00,    308.00,    528.00,   1780.00,    997.00,    650.00
1761113150.17,      0.00,     40.00,    305.00,    552.00,   1298.00,    469.00,    661.00
1761113150.24,      0.00,     40.00,    337.00,    531.00,   1425.00,    566.00,    668.00
1761113150.31,      0.00,     40.00,    352.00,    512.00,   1164.00,    645.00,    684.00
1761113150.38,      0.00,     40.00,    484.00,    501.00,   1101.00,    781.00,    691.00
1761113150.45,      0.00,     40.00,    481.00,    487.00,   1060.00,    732.00,    710.00
1761113150.52,      0.00,     40.00,    467.00,    486.00,    997.00,   2000.00,    723.00
1761113150.59,      0.00,     40.00,    477.00,    489.00,   1530.00,    354.00,    734.00
1761113150.66,      0.00,     40.00,    452.00,    453.00,    760.00,    579.00,    747.00
1761113150.72,      0.00,     40.00,    434.00,    440.00,    730.00,    544.00,    760.00
1761113150.79,      0.00,     40.00,    439.00,    440.00,    594.00,    927.00,    777.00
1761113150.85,      0.00,     40.00,    425.00,    430.00,    619.00,    435.00,    748.00
1761113150.92,      0.00,     40.00,    420.00,    415.00,    553.00,    797.00,    554.00
1761113150.99,      0.00,     40.00,    389.00,    422.00,    878.00,    765.00,    556.00
1761113151.06,     91.00,     40.00,    390.00,    358.00,   1098.00,    903.00,    835.00
1761113151.13,    100.00,     40.00,    400.00,    635.00,   1058.00,    790.00,    611.00
1761113151.20,    100.00,     40.00,    407.00,    717.00,    990.00,    692.00,    556.00
1761113151.27,    100.00,     40.00,    420.00,    439.00,    940.00,    645.00,    524.00
1761113151.35,    100.00,     40.00,    417.00,    867.00,    735.00,    645.00,    947.00
1761113151.42,      0.00,     40.00,    414.00,    900.00,    848.00,    618.00,    573.00
1761113151.49,      0.00,     40.00,    400.00,    687.00,    748.00,    557.00,    628.00
1761113151.55,      0.00,     40.00,    187.00,    817.00,    686.00,    746.00,    557.00
1761113151.62,      0.00,     40.00,    398.00,    767.00,    680.00,    532.00,    418.00
1761113151.68,      0.00,     40.00,    415.00,    735.00,    612.00,    683.00,    597.00
1761113151.74,      0.00,     40.00,    450.00,    708.00,    569.00,    556.00,    248.00
1761113151.81,      0.00,     40.00,    470.00,    684.00,    543.00,    571.00,    610.00
1761113151.88,    100.00,     40.00,    464.00,    688.00,    503.00,    519.00,    629.00
1761113151.95,    100.00,     40.00,    486.00,    814.00,    686.00,    562.00,    594.00
1761113152.01,    100.00,     40.00,    517.00,    827.00,    660.00,    533.00,    565.00
1761113152.08,    100.00,     40.00,    354.00,    628.00,    769.00,    513.00,    544.00
1761113152.14,    100.00,     40.00,    564.00,    765.00,    571.00,    163.00,    500.00
1761113152.21,     26.00,     40.00,    570.00,    607.00,    690.00,    212.00,    424.00
1761113152.27,      0.00,     40.00,    581.00,    554.00,    719.00,    670.00,    480.00
1761113152.34,      0.00,     40.00,    554.00,    627.00,   1482.00,    550.00,    579.00
1761113152.41,      0.00,     40.00,    359.00,    559.00,   1269.00,    563.00,    291.00
1761113152.48,      0.00,     40.00,    582.00,    538.00,   1551.00,    554.00,    622.00
1761113152.55,      0.00,     40.00,    597.00,    525.00,   1497.00,    604.00,    597.00
1761113152.62,      0.00,     40.00,    486.00,    553.00,   1440.00,    601.00,    533.00
1761113152.69,      0.00,     40.00,    480.00,    413.00,    545.00,    601.00,    484.00
1761113152.75,      0.00,     40.00,    486.00,    379.00,   1325.00,    597.00,    465.00
1761113152.82,      0.00,     40.00,    593.00,    373.00,    624.00,    544.00,    468.00
1761113152.88,      0.00,     40.00,    493.00,    673.00,   1213.00,    581.00,    464.00
1761113152.95,      0.00,     40.00,    490.00,    622.00,    553.00,    550.00,    488.00
1761113153.01,      0.00,     40.00,    371.00,    596.00,    663.00,    515.00,    560.00
1761113153.08,      0.00,     40.00,    337.00,    665.00,    720.00,    603.00,    556.00
1761113153.14,      0.00,     40.00,    322.00,    647.00,    689.00,    607.00,    554.00
1761113153.20,      0.00,     40.00,    329.00,    628.00,    485.00,    552.00,    554.00
1761113153.27,      0.00,     40.00,    349.00,    570.00,    913.00,    632.00,    556.00
1761113153.36,      0.00,     40.00,    541.00,    594.00,    372.00,    561.00,    556.00
1761113153.42,      0.00,     40.00,    549.00,    596.00,    775.00,    642.00,    590.00
1761113153.49,      0.00,     40.00,    558.00,    611.00,    718.00,    746.00,    600.00
1761113153.56,      0.00,     40.00,    440.00,    622.00,    665.00,    673.00,    554.00
1761113153.63,      0.00,     40.00,    550.00,   2000.00,    605.00,    656.00,    611.00
1761113153.70,      0.00,     40.00,    503.00,   1070.00,    551.00,    567.00,    614.00
1761113153.77,      0.00,     40.00,    551.00,   2000.00,    496.00,    656.00,    593.00
1761113153.84,    100.00,     40.00,    558.00,   1671.00,    451.00,    567.00,    638.00
1761113153.91,    100.00,     40.00,    579.00,   2000.00,    395.00,    484.00,    559.00
1761113153.98,    100.00,     40.00,    609.00,   2000.00,    339.00,    547.00,    365.00
1761113154.05,    100.00,     40.00,    640.00,   2000.00,    315.00,    343.00,    526.00
1761113154.12,    100.00,     40.00,    658.00,   2000.00,    487.00,    246.00,    538.00
1761113154.19,    100.00,     40.00,    686.00,    497.00,    564.00,    205.00,    505.00
1761113154.26,    100.00,     40.00,    674.00,   2000.00,    509.00,    214.00,    285.00
1761113154.33,    100.00,     40.00,    677.00,   2000.00,   2000.00,    283.00,    253.00
1761113154.41,      0.00,     40.00,    439.00,   1296.00,   1972.00,    373.00,    219.00
1761113154.48,      0.00,     40.00,    681.00,   1261.00,   2000.00,    350.00,    348.00
1761113154.55,      0.00,     40.00,    684.00,    767.00,    902.00,    369.00,    351.00
1761113154.63,      0.00,     40.00,    679.00,    900.00,   2000.00,   1354.00,    367.00
1761113154.70,      0.00,     40.00,    692.00,    470.00,   2000.00,    322.00,    369.00
1761113154.78,      0.00,     40.00,    699.00,   1037.00,   2000.00,   1306.00,    379.00
1761113154.85,      0.00,     40.00,    853.00,    687.00,   1264.00,   1170.00,    395.00
1761113154.94,      0.00,     40.00,    719.00,    953.00,   2000.00,   1254.00,   1258.00
1761113155.01,      0.00,     40.00,    578.00,    370.00,    702.00,   1231.00,   1239.00
1761113155.09,      0.00,     40.00,    771.00,    498.00,   1163.00,    605.00,   1210.00
1761113155.17,      0.00,     40.00,    799.00,    523.00,   1031.00,   1187.00,   1185.00
1761113155.24,      0.00,     40.00,    823.00,    677.00,   1439.00,   1126.00,   1174.00
1761113155.33,      0.00,     40.00,    826.00,    812.00,   2000.00,   1136.00,   1146.00
1761113155.40,      0.00,     40.00,    823.00,    617.00,   1047.00,   1001.00,   1123.00
1761113155.48,      0.00,     40.00,    793.00,    763.00,   1596.00,   1051.00,   1095.00
1761113155.56,      0.00,     40.00,    767.00,    702.00,   1156.00,    904.00,   1073.00
1761113155.63,      0.00,     40.00,    741.00,    655.00,   2000.00,    706.00,   1051.00
1761113155.70,      0.00,     40.00,    704.00,    610.00,   1010.00,    525.00,    700.00
1761113155.77,      0.00,     40.00,    700.00,    556.00,   1484.00,    818.00,    390.00
1761113155.85,      0.00,     40.00,    703.00,    540.00,   1622.00,    596.00,    567.00
1761113155.91,      0.00,     40.00,    663.00,    515.00,    833.00,    553.00,    562.00
1761113155.98,      0.00,     40.00,    555.00,    524.00,   1079.00,    553.00,    588.00
1761113156.05,      0.00,     40.00,    556.00,    606.00,   1289.00,    482.00,    689.00
1761113156.12,      0.00,     40.00,    654.00,    634.00,   1407.00,    451.00,    633.00
1761113156.19,      0.00,     40.00,    483.00,    620.00,   1362.00,    389.00,    621.00
1761113156.26,      0.00,     40.00,    455.00,    580.00,   1363.00,    427.00,    409.00
1761113156.33,      0.00,     40.00,    466.00,    556.00,   1246.00,    588.00,    378.00
1761113156.39,      0.00,     40.00,    553.00,    553.00,   1280.00,    562.00,    570.00
1761113156.46,      0.00,     40.00,    553.00,    511.00,   1227.00,    567.00,    351.00
1761113156.53,      0.00,     40.00,    520.00,    555.00,   1545.00,    521.00,    376.00
1761113156.60,      0.00,     40.00,    519.00,   1031.00,    748.00,    619.00,    502.00
1761113156.67,      0.00,     40.00,    715.00,   1070.00,   1299.00,    288.00,    515.00
1761113156.74,      0.00,     40.00,    516.00,    448.00,   1374.00,    824.00,    486.00
1761113156.81,      0.00,     40.00,    574.00,    932.00,   1346.00,    371.00,    460.00
1761113156.88,      0.00,     40.00,    534.00,   1058.00,   1251.00,    917.00,    486.00
1761113156.95,      0.00,     40.00,    552.00,    738.00,   1076.00,    919.00,    554.00
1761113157.02,      0.00,     40.00,    573.00,    883.00,   1116.00,    513.00,    830.00
1761113157.10,      0.00,     40.00,   1154.00,    837.00,    780.00,    880.00,    836.00
1761113157.17,      0.00,     40.00,    905.00,    809.00,    992.00,    872.00,    845.00
1761113157.24,      0.00,     40.00,    870.00,    358.00,    939.00,    272.00,    839.00
1761113157.31,      0.00,     40.00,    881.00,   1078.00,    869.00,    857.00,    841.00
1761113157.39,      0.00,     40.00,   1190.00,   1033.00,    593.00,    854.00,    827.00
1761113157.46,      0.00,     40.00,   1206.00,   1012.00,    460.00,    235.00,    824.00
1761113157.53,     20.00,     40.00,    937.00,    452.00,    706.00,    710.00,    812.00
1761113157.60,    100.00,     40.00,    914.00,    537.00,    658.00,    851.00,    801.00
1761113157.67,    100.00,     40.00,    699.00,    692.00,    611.00,    641.00,    781.00
1761113157.74,    100.00,     40.00,    695.00,    688.00,    659.00,    563.00,    748.00
1761113157.80,    100.00,     40.00,    713.00,    599.00,    606.00,    453.00,    789.00
1761113157.87,      0.00,     40.00,    698.00,    662.00,    656.00,    484.00,    749.00
1761113157.94,      0.00,     40.00,    686.00,    638.00,    820.00,    466.00,    758.00
1761113158.01,      0.00,     40.00,    964.00,    766.00,   2000.00,    572.00,    661.00
1761113158.08,      0.00,     40.00,    929.00,    645.00,    712.00,    513.00,    460.00
1761113158.15,      0.00,     40.00,    915.00,    521.00,   1147.00,    481.00,    566.00
1761113158.22,      0.00,     40.00,    708.00,    590.00,   1682.00,    498.00,    556.00
1761113158.29,      0.00,     40.00,    675.00,    544.00,    735.00,    465.00,    493.00
1761113158.35,      0.00,     40.00,    605.00,    603.00,    639.00,    435.00,    487.00
1761113158.43,      0.00,     40.00,    595.00,    557.00,   2000.00,    510.00,    451.00
1761113158.50,      0.00,     40.00,    609.00,    514.00,   1119.00,   1118.00,    486.00
1761113158.57,      0.00,     40.00,    630.00,    821.00,   1032.00,    510.00,    527.00
1761113158.63,      0.00,     40.00,    647.00,    648.00,    882.00,    278.00,    458.00
1761113158.70,      0.00,     40.00,    637.00,    685.00,   1186.00,   1015.00,    555.00
1761113158.78,      0.00,     40.00,    724.00,    651.00,   1587.00,   1352.00,    607.00
1761113158.85,      0.00,     40.00,    648.00,    862.00,   1517.00,    350.00,    438.00
1761113158.92,      0.00,     40.00,    652.00,    871.00,    428.00,    883.00,    685.00
1761113159.00,      0.00,     40.00,    885.00,    781.00,   1101.00,    858.00,   2000.00
1761113159.07,      0.00,     40.00,    689.00,    433.00,    753.00,    804.00,    554.00
1761113159.15,      0.00,     40.00,    705.00,    792.00,   1045.00,   1032.00,   2000.00
1761113159.23,      0.00,     40.00,    723.00,    764.00,    976.00,    584.00,   2000.00
1761113159.30,      0.00,     40.00,    776.00,    751.00,    915.00,    506.00,    809.00
1761113159.37,      0.00,     40.00,    753.00,    658.00,    860.00,    473.00,    951.00
1761113159.44,      0.00,     40.00,    779.00,    590.00,    811.00,    474.00,    946.00
1761113159.51,    100.00,     40.00,    704.00,    792.00,    765.00,    757.00,    692.00
1761113159.58,    100.00,     40.00,    686.00,    803.00,    716.00,    420.00,    796.00
1761113159.65,    100.00,     40.00,    678.00,    804.00,    667.00,    544.00,   2000.00
1761113159.73,    100.00,     40.00,    677.00,    788.00,    616.00,    604.00,   1614.00
1761113159.80,     79.00,     40.00,    666.00,    929.00,    597.00,    556.00,    688.00
1761113159.87,      0.00,     40.00,    659.00,    870.00,    996.00,    525.00,    682.00
1761113159.94,      0.00,     40.00,    639.00,    668.00,   1007.00,    501.00,    533.00
1761113160.01,      0.00,     40.00,    632.00,    838.00,   1544.00,    484.00,    501.00
1761113160.08,      0.00,     40.00,    659.00,    773.00,   1346.00,    463.00,    482.00
1761113160.15,      0.00,     40.00,    653.00,    781.00,   1256.00,    350.00,    462.00
1761113160.22,      0.00,     40.00,    625.00,    662.00,   1269.00,    503.00,    608.00
1761113160.29,      0.00,     40.00,    584.00,    759.00,   1261.00,    569.00,    432.00
1761113160.36,      0.00,     40.00,    646.00,    757.00,   1738.00,    667.00,    416.00
1761113160.44,      0.00,     40.00,    604.00,    709.00,   1369.00,    659.00,    430.00
1761113160.51,     64.00,     40.00,    594.00,    635.00,   1160.00,    900.00,    426.00
1761113160.58,    100.00,     40.00,    628.00,    877.00,   1004.00,    874.00,    488.00
1761113160.65,    100.00,     40.00,    618.00,    769.00,   1053.00,    841.00,    642.00
1761113160.73,    100.00,     40.00,    626.00,    918.00,   1048.00,    812.00,    578.00
1761113160.80,      0.00,     40.00,    615.00,    587.00,   1105.00,    840.00,    565.00
1761113160.87,      0.00,     40.00,    635.00,    470.00,   1056.00,    364.00,    590.00
1761113160.95,      0.00,     40.00,    629.00,    482.00,   1939.00,   1023.00,    726.00
1761113161.02,      0.00,     40.00,    620.00,    572.00,   1324.00,    382.00,    811.00
1761113161.09,      0.00,     40.00,    609.00,    619.00,   1351.00,    790.00,    868.00
1761113161.16,      0.00,     40.00,    595.00,    608.00,   1406.00,    774.00,    878.00
1761113161.24,      0.00,     40.00,    585.00,    588.00,   1522.00,    129.00,    877.00
1761113161.32,      0.00,     40.00,    281.00,    584.00,   1341.00,   2000.00,    891.00
1761113161.40,      0.00,     40.00,    559.00,    571.00,   1883.00,   1251.00,    898.00
1761113161.48,      0.00,     40.00,    564.00,    550.00,   1539.00,    417.00,    913.00
1761113161.55,      0.00,     40.00,    566.00,    472.00,   1453.00,   1002.00,    932.00
1761113161.63,      0.00,     40.00,    529.00,    494.00,   1876.00,   1739.00,    939.00
1761113161.70,      0.00,     40.00,    481.00,    484.00,   1813.00,    394.00,    953.00
1761113161.78,      0.00,     40.00,    467.00,    462.00,   1490.00,    950.00,    969.00
1761113161.85,      0.00,     40.00,    444.00,    448.00,    984.00,    748.00,    980.00
1761113161.92,      0.00,     40.00,    436.00,    440.00,    923.00,   1901.00,    993.00
1761113161.99,      0.00,     40.00,    423.00,    426.00,    882.00,    352.00,   1008.00
1761113162.06,      0.00,     40.00,    405.00,    395.00,    858.00,    798.00,   1022.00
1761113162.13,      0.00,     40.00,    401.00,    385.00,   1459.00,    378.00,   1031.00
1761113162.20,      0.00,     40.00,    396.00,    440.00,   1395.00,    554.00,   1045.00
1761113162.28,      0.00,     40.00,    379.00,    466.00,   1335.00,   2000.00,   1059.00
1761113162.35,      0.00,     40.00,    422.00,    552.00,   1263.00,   1168.00,   1076.00
1761113162.42,      0.00,     40.00,    398.00,    554.00,    569.00,   1163.00,   1086.00
1761113162.49,      0.00,     40.00,    416.00,    819.00,   1136.00,    442.00,   1106.00
1761113162.56,      0.00,     40.00,    414.00,    794.00,   1082.00,     89.00,   1032.00
1761113162.63,      0.00,     40.00,    448.00,    737.00,    863.00,    814.00,   1137.00
1761113162.71,      0.00,     40.00,    510.00,    782.00,    964.00,    763.00,   1158.00
1761113162.78,    100.00,     40.00,    505.00,    782.00,    921.00,    734.00,   1187.00
1761113162.85,    100.00,     40.00,    520.00,    847.00,    860.00,    628.00,   1226.00
1761113162.93,    100.00,     40.00,    558.00,    781.00,    793.00,    786.00,   2000.00
1761113163.01,    100.00,     40.00,    727.00,   1095.00,    725.00,    281.00,   2000.00
1761113163.07,    100.00,     40.00,    797.00,    494.00,    681.00,    650.00,    730.00
1761113163.14,    100.00,     40.00,    627.00,    987.00,    657.00,    628.00,    713.00
1761113163.21,    100.00,     40.00,    626.00,    594.00,    973.00,    587.00,    704.00
1761113163.28,     30.00,     40.00,    618.00,    555.00,   1164.00,    561.00,    617.00
1761113163.35,      0.00,     40.00,    607.00,    641.00,   1146.00,    547.00,    653.00
1761113163.42,      0.00,     40.00,    605.00,    650.00,   1586.00,    527.00,    544.00
1761113163.49,      0.00,     40.00,    554.00,    651.00,   1279.00,    519.00,    527.00
1761113163.56,      0.00,     40.00,    606.00,    648.00,    935.00,    494.00,    501.00
1761113163.62,      0.00,     40.00,    602.00,    466.00,    452.00,    483.00,    451.00
1761113163.69,      0.00,     40.00,    625.00,    559.00,   1010.00,    467.00,    468.00
1761113163.76,      0.00,     40.00,    600.00,    612.00,   1130.00,    455.00,    452.00
1761113163.83,      0.00,     40.00,    605.00,    675.00,   1290.00,    434.00,    440.00
1761113163.89,      0.00,     40.00,    459.00,   1184.00,    542.00,    263.00,    434.00
1761113163.96,      0.00,     40.00,    552.00,    847.00,    957.00,    438.00,    413.00
1761113164.03,      0.00,     40.00,    546.00,   1154.00,    448.00,    408.00,    402.00
1761113164.10,      0.00,     40.00,    458.00,    701.00,   2000.00,    397.00,    390.00
1761113164.17,      0.00,     40.00,    649.00,    687.00,    880.00,    378.00,    372.00
1761113164.24,      0.00,     40.00,    350.00,    936.00,    977.00,    376.00,    353.00
1761113164.31,      0.00,     40.00,    872.00,    605.00,    920.00,    362.00,    349.00
1761113164.37,    100.00,     40.00,    858.00,    947.00,    640.00,    348.00,    346.00
1761113164.44,    100.00,     40.00,    890.00,    592.00,    819.00,    330.00,    314.00
1761113164.51,    100.00,     40.00,    903.00,    520.00,    773.00,    309.00,    293.00
1761113164.58,      0.00,     40.00,    909.00,    687.00,    709.00,    314.00,    296.00
1761113164.65,      0.00,     40.00,    914.00,    670.00,   1596.00,    208.00,    288.00
1761113164.72,      0.00,     40.00,    909.00,    812.00,   1239.00,    611.00,    288.00
1761113164.79,      0.00,     40.00,    898.00,    426.00,    916.00,    585.00,    309.00
1761113164.86,      0.00,     40.00,    886.00,    700.00,   1489.00,    338.00,    317.00
1761113164.93,      0.00,     40.00,    874.00,    657.00,    987.00,    354.00,    330.00
1761113165.00,    -27.00,     40.00,    895.00,    519.00,   1084.00,    562.00,    345.00
1761113165.08,   -100.00,     40.00,    863.00,    610.00,   1132.00,    550.00,    348.00
1761113165.15,      0.00,     40.00,    627.00,    588.00,   1151.00,    414.00,    360.00
1761113165.22,      0.00,     40.00,    851.00,    657.00,   1718.00,    352.00,    355.00
1761113165.30,      0.00,     40.00,    852.00,    607.00,   2000.00,    512.00,    362.00
1761113165.37,      0.00,     40.00,    764.00,    594.00,   1576.00,   1210.00,    365.00
1761113165.44,      0.00,     40.00,    616.00,    573.00,   1549.00,    717.00,    351.00
1761113165.52,      0.00,     40.00,    574.00,    566.00,   2000.00,    744.00,    362.00
1761113165.59,      0.00,     40.00,    551.00,    579.00,   1254.00,    947.00,    348.00
1761113165.66,      0.00,     40.00,    544.00,    755.00,   1064.00,    405.00,    355.00
1761113165.72,      0.00,     40.00,    553.00,    908.00,   1116.00,    324.00,    357.00
1761113165.79,      0.00,     40.00,    532.00,    714.00,   1468.00,    214.00,    359.00
1761113165.86,      0.00,     40.00,    558.00,    462.00,   1318.00,    389.00,    348.00
1761113165.93,      0.00,     40.00,    593.00,    677.00,    748.00,    398.00,    346.00
1761113166.00,      0.00,     40.00,    667.00,    552.00,    467.00,    387.00,    343.00
1761113166.08,      0.00,     40.00,    644.00,    954.00,   1050.00,    380.00,    342.00
1761113166.15,      0.00,     40.00,    628.00,    656.00,   1160.00,    275.00,    335.00
1761113166.22,      0.00,      0.00,    617.00,    636.00,   1512.00,    674.00,    327.00
1761113166.29,      0.00,      0.00,    612.00,    594.00,   1218.00,    362.00,    328.00
1761113166.35,      0.00,      0.00,    614.00,    653.00,    742.00,    644.00,    273.00
1761113166.42,      0.00,      0.00,    614.00,    651.00,   1427.00,    639.00,    319.00
1761113166.49,      0.00,      0.00,    616.00,    648.00,   1361.00,    364.00,    330.00
1761113166.56,      0.00,      0.00,    618.00,    658.00,   1360.00,    353.00,    309.00
1761113166.63,      0.00,      0.00,    619.00,    683.00,   1083.00,    362.00,    306.00
1761113166.70,      0.00,      0.00,    620.00,    940.00,    999.00,    288.00,    309.00
1761113166.76,      0.00,      0.00,    629.00,    516.00,   1002.00,    348.00,    301.00
1761113166.83,      0.00,      0.00,    636.00,    659.00,    946.00,    362.00,    298.00
1761113166.89,      0.00,      0.00,    643.00,    797.00,   1084.00,    359.00,    301.00
1761113166.97,      0.00,      0.00,    652.00,    898.00,    940.00,    340.00,    297.00
1761113167.04,      0.00,      0.00,    668.00,   2000.00,    902.00,    364.00,    301.00
1761113167.11,      0.00,      0.00,    667.00,    702.00,   1140.00,    346.00,    296.00
1761113167.17,      0.00,      0.00,    666.00,    755.00,   1084.00,    340.00,    291.00
1761113167.24,      0.00,      0.00,    669.00,    615.00,   1223.00,    348.00,    293.00
1761113167.30,      0.00,      0.00,    670.00,    936.00,   1039.00,    323.00,    293.00
1761113167.37,      0.00,      0.00,    676.00,    868.00,   1112.00,    330.00,    293.00
1761113167.44,      0.00,      0.00,    672.00,    690.00,   1093.00,    330.00,    293.00
1761113167.50,      0.00,      0.00,    671.00,    697.00,   1131.00,    330.00,    293.00
1761113167.57,      0.00,      0.00,    671.00,    587.00,   1251.00,    330.00,    293.00
1761113167.64,      0.00,      0.00,    671.00,   1465.00,   1123.00,    331.00,    293.00
1761113167.71,      0.00,      0.00,    671.00,    637.00,    893.00,    330.00,    293.00
1761113167.77,      0.00,      0.00,    675.00,    804.00,   1173.00,    330.00,    293.00
1761113167.84,      0.00,      0.00,    671.00,    762.00,   1208.00,    330.00,    293.00
1761113167.91,      0.00,      0.00,    672.00,    663.00,   1254.00,    330.00,    293.00
1761113167.97,      0.00,      0.00,    671.00,   1133.00,    846.00,    252.00,    293.00
1761113168.04,      0.00,      0.00,    671.00,    984.00,    986.00,    330.00,    294.00
1761113168.11,      0.00,      0.00,    672.00,    521.00,   1254.00,    330.00,    294.00
1761113168.17,      0.00,      0.00,    671.00,    848.00,   1119.00,    322.00,    293.00
1761113168.24,      0.00,      0.00,    672.00,    846.00,    720.00,    331.00,    293.00
1761113168.31,      0.00,      0.00,    672.00,    963.00,    786.00,    330.00,    294.00
1761113168.37,      0.00,      0.00,    672.00,    850.00,   1075.00,    330.00,    293.00
1761113168.44,      0.00,      0.00,    671.00,    912.00,   1058.00,    304.00,    293.00
1761113168.51,      0.00,      0.00,    672.00,    974.00,    934.00,    331.00,    293.00
1761113168.57,      0.00,      0.00,    671.00,    679.00,   1125.00,    330.00,    293.00
1761113168.64,      0.00,      0.00,    671.00,    837.00,   1136.00,    278.00,    293.00
